Adduct,AllGroups,Analog:Adduct,Analog:Compound_Name,Analog:Compound_Source,Analog:Data_Collector,Analog:GNPSLibraryURL,Analog:INCHI,Analog:Instrument,Analog:Ion_Source,Analog:IonMode,Analog:Library_Class,Analog:MassDiff,Analog:MQScore,Analog:MZErrorPPM,Analog:PI,Analog:SharedPeaks,Analog:Smiles,Analog:SpectrumID,Analog:tags,Annotated Adduct Features ID,ATTRIBUTE_BiologicalSex,ATTRIBUTE_Ethnic_Group,ATTRIBUTE_Group_Time,ATTRIBUTE_Product,ATTRIBUTE_SampleType,ATTRIBUTE_SampleTypeSub1,ATTRIBUTE_Sequence,ATTRIBUTE_Study_Group,ATTRIBUTE_Time_Point,Best Ion,CAN_adduct,CAN_all classifications,CAN_class,CAN_level 5,CAN_molecularFormula,CAN_most specific class,CAN_name,CAN_subclass,CAN_superclass,charge,cluster index,componentindex,Compound_Name,Compound_Source,Cons_Highest_annot,Cons_Name,Cons_Name_ClassyFire,Cons_Name_Zodiac,Correlated Features Group ID,CSI_#adducts,CSI_#predictedFPs,CSI_adduct,CSI_ConfidenceScore,CSI_CSI:FingerIDScore,CSI_dbflags,CSI_id,CSI_InChI,CSI_InChIkey2D,CSI_InChIkey2D_no_stereo,CSI_ionMass,CSI_links,CSI_MIBIG_compound_name,CSI_MIBIG_mibig_accession,CSI_MIBIG_ncbi_tax_id,CSI_MIBIG_no_stereo_inchikey,CSI_MIBIG_organism_name,CSI_molecularFormula,CSI_name,CSI_NPA_compound_id,CSI_NPA_compound_inchikey_no_stereo,CSI_NPA_compound_names,CSI_NPA_genus,CSI_NPA_mibig_ids,CSI_NPA_npaid,CSI_NPA_origin_species,CSI_NPA_origin_type,CSI_pubchemids,CSI_retentionTimeInSeconds,CSI_SiriusScore,CSI_smiles,CSI_xlogp,CSI_ZodiacScore,Data_Collector,DefaultGroups,G1,G2,G3,G4,G5,G6,GNPS_Annotated Adduct Features ID,GNPS_Best Ion,GNPS_componentindex,GNPS_Correlated Features Group ID,GNPS_G1,GNPS_G2,GNPS_G3,GNPS_G4,GNPS_G5,GNPS_G6,GNPS_GNPSLinkout_Cluster,GNPS_GNPSLinkout_Network,GNPS_INCHI,GNPS_LIB_Adduct,GNPS_LIB_CAS_Number,GNPS_LIB_Charge,GNPS_LIB_class,GNPS_LIB_Compound_Name,GNPS_LIB_Compound_Source,GNPS_LIB_Consol_InChI,GNPS_LIB_Consol_InChIKey,GNPS_LIB_Consol_InChIKey_no_stereo,GNPS_LIB_Consol_SMILES,GNPS_LIB_Consol_SMILES_iso,GNPS_LIB_Data_Collector,GNPS_LIB_ExactMass,GNPS_LIB_FileScanUniqueID,GNPS_LIB_INCHI,GNPS_LIB_INCHI_AUX,GNPS_LIB_InChIKey,GNPS_LIB_InChIKey-Planar,GNPS_LIB_Instrument,GNPS_LIB_Ion_Source,GNPS_LIB_IonMode,GNPS_LIB_LibMZ,GNPS_LIB_Library_Class,GNPS_LIB_LibraryName,GNPS_LIB_LibraryQualityString,GNPS_LIB_MassDiff,GNPS_LIB_MIBIG_compound_name,GNPS_LIB_MIBIG_mibig_accession,GNPS_LIB_MIBIG_ncbi_tax_id,GNPS_LIB_MIBIG_no_stereo_inchikey,GNPS_LIB_MIBIG_organism_name,GNPS_LIB_MoleculeExplorerDatasets,GNPS_LIB_MoleculeExplorerFiles,GNPS_LIB_MQScore,GNPS_LIB_MZErrorPPM,GNPS_LIB_NPA_compound_id,GNPS_LIB_NPA_compound_inchikey_no_stereo,GNPS_LIB_NPA_compound_names,GNPS_LIB_NPA_genus,GNPS_LIB_NPA_mibig_ids,GNPS_LIB_NPA_npaid,GNPS_LIB_NPA_origin_species,GNPS_LIB_NPA_origin_type,GNPS_LIB_NumberHits,GNPS_LIB_Organism,GNPS_LIB_PI,GNPS_LIB_Precursor_MZ,GNPS_LIB_Pubmed_ID,GNPS_LIB_RT_Query,GNPS_LIB_SharedPeaks,GNPS_LIB_Smiles,GNPS_LIB_SpecCharge,GNPS_LIB_SpecMZ,GNPS_LIB_SpectrumFile,GNPS_LIB_SpectrumID,GNPS_LIB_subclass,GNPS_LIB_superclass,GNPS_LIB_tags,GNPS_LIB_TIC_Query,GNPS_LIB_UpdateWorkflowName,GNPS_LIBA_Adduct,GNPS_LIBA_CAS_Number,GNPS_LIBA_Charge,GNPS_LIBA_class,GNPS_LIBA_Compound_Name,GNPS_LIBA_Compound_Source,GNPS_LIBA_Consol_InChI,GNPS_LIBA_Consol_InChIKey,GNPS_LIBA_Consol_InChIKey_no_stereo,GNPS_LIBA_Consol_SMILES,GNPS_LIBA_Consol_SMILES_iso,GNPS_LIBA_Data_Collector,GNPS_LIBA_ExactMass,GNPS_LIBA_FileScanUniqueID,GNPS_LIBA_INCHI,GNPS_LIBA_INCHI_AUX,GNPS_LIBA_InChIKey,GNPS_LIBA_InChIKey-Planar,GNPS_LIBA_Instrument,GNPS_LIBA_Ion_Source,GNPS_LIBA_IonMode,GNPS_LIBA_LibMZ,GNPS_LIBA_Library_Class,GNPS_LIBA_LibraryName,GNPS_LIBA_LibraryQualityString,GNPS_LIBA_MassDiff,GNPS_LIBA_MIBIG_compound_name,GNPS_LIBA_MIBIG_mibig_accession,GNPS_LIBA_MIBIG_ncbi_tax_id,GNPS_LIBA_MIBIG_no_stereo_inchikey,GNPS_LIBA_MIBIG_organism_name,GNPS_LIBA_MoleculeExplorerDatasets,GNPS_LIBA_MoleculeExplorerFiles,GNPS_LIBA_MQScore,GNPS_LIBA_MZErrorPPM,GNPS_LIBA_NPA_compound_id,GNPS_LIBA_NPA_compound_inchikey_no_stereo,GNPS_LIBA_NPA_compound_names,GNPS_LIBA_NPA_genus,GNPS_LIBA_NPA_mibig_ids,GNPS_LIBA_NPA_npaid,GNPS_LIBA_NPA_origin_species,GNPS_LIBA_NPA_origin_type,GNPS_LIBA_npclassifier_class,GNPS_LIBA_npclassifier_pathway,GNPS_LIBA_npclassifier_superclass,GNPS_LIBA_NumberHits,GNPS_LIBA_Organism,GNPS_LIBA_PI,GNPS_LIBA_Precursor_MZ,GNPS_LIBA_Pubmed_ID,GNPS_LIBA_RT_Query,GNPS_LIBA_SharedPeaks,GNPS_LIBA_Smiles,GNPS_LIBA_SpecCharge,GNPS_LIBA_SpecMZ,GNPS_LIBA_SpectrumFile,GNPS_LIBA_SpectrumID,GNPS_LIBA_subclass,GNPS_LIBA_superclass,GNPS_LIBA_tags,GNPS_LIBA_TIC_Query,GNPS_LIBA_UpdateWorkflowName,GNPS_LibraryID,GNPS_MQScore,GNPS_MS2 Verification Comment,GNPS_neutral M mass,GNPS_number of spectra,GNPS_parent mass,GNPS_precursor charge,GNPS_precursor mass,GNPS_RTConsensus,GNPS_RTMean,GNPS_RTStdErr,GNPS_Smiles,GNPS_SpectrumID,GNPS_sum(precursor intensity),GNPS_SumPeakIntensity,GNPS_UniqueFileSourcesCount,GNPSGROUP:1,GNPSGROUP:2,GNPSGROUP:3,GNPSGROUP:4,GNPSGROUP:5,GNPSGROUP:6,GNPSGROUP:A,GNPSGROUP:African American,GNPSGROUP:B,GNPSGROUP:Baseline,GNPSGROUP:blank_extraction,GNPSGROUP:C,GNPSGROUP:Caucasian,GNPSGROUP:female,GNPSGROUP:Final,GNPSGROUP:Hispanic,GNPSGROUP:human,GNPSGROUP:male,GNPSGROUP:None,GNPSGROUP:Normal Scalp,GNPSGROUP:Normal Scalp @ Baseline,GNPSGROUP:Normal Scalp @ Final,GNPSGROUP:not applicable,GNPSGROUP:Oily Scalp,GNPSGROUP:Oily Scalp @ Baseline,GNPSGROUP:Oily Scalp @ Final,GNPSGROUP:Other,GNPSGROUP:pool_sample,GNPSGROUP:skin_swab,GNPSLibraryURL,GNPSLinkout_Cluster,GNPSLinkout_Network,INCHI,Instrument,Ion_Source,IonMode,is_microbial_level_2,is_microbial_level_2_4,is_microbial_level_2_4_network,is_microbial_level_2_4_networkid,is_microbial_level_2_network,is_microbial_level_2_networkid,is_microbial_level_4,is_microbial_level_4_network,is_microbial_level_4_networkid,is_microbial_tool,is_microbial_tool_id,Library_Class,Manual label,MassDiff,MASST_HIT,MASST_PHYLA,MQScore,MS2 Verification Comment,MZErrorPPM,name,neutral M mass,number of spectra,Old_Smiles,p_cat_dir|base|sebum,p_cat_dir|base|skicon,p_cat_dir|groups|oily-norm,p_cat_dir|groups|skicon,parent mass,PASSA_FDR_Adduct,PASSA_FDR_CAS_Number,PASSA_FDR_Charge,PASSA_FDR_Compound_Name,PASSA_FDR_Compound_Source,PASSA_FDR_Data_Collector,PASSA_FDR_ExactMass,PASSA_FDR_fdr,PASSA_FDR_FileScanUniqueID,PASSA_FDR_INCHI,PASSA_FDR_INCHI_AUX,PASSA_FDR_Instrument,PASSA_FDR_internalFilename,PASSA_FDR_Ion_Source,PASSA_FDR_IonMode,PASSA_FDR_LibMZ,PASSA_FDR_Library_Class,PASSA_FDR_LibraryName,PASSA_FDR_LibraryQualityString,PASSA_FDR_MassDiff,PASSA_FDR_MQScore,PASSA_FDR_MZErrorPPM,PASSA_FDR_NumberHits,PASSA_FDR_Organism,PASSA_FDR_PI,PASSA_FDR_Precursor_MZ,PASSA_FDR_Pubmed_ID,PASSA_FDR_RT_Query,PASSA_FDR_SharedPeaks,PASSA_FDR_Smiles,PASSA_FDR_SpecCharge,PASSA_FDR_SpecMZ,PASSA_FDR_SpectrumFile,PASSA_FDR_SpectrumID,PASSA_FDR_tags,PASSA_FDR_TIC_Query,PASSA_FDR_UpdateWorkflowName,PI,precursor mass,RTConsensus,RTMean,selected,shared name,SharedPeaks,SIR_MF_Zod_adduct,SIR_MF_Zod_explainedIntensity,SIR_MF_Zod_id,SIR_MF_Zod_massErrorPrecursor(ppm),SIR_MF_Zod_medianAbsoluteMassErrorFragmentPeaks(ppm),SIR_MF_Zod_molecularFormula,SIR_MF_Zod_numExplainedPeaks,SIR_MF_Zod_TreeScore,SIR_MF_Zod_ZodiacScore,Smiles,SpectrumID,sum(precursor intensity),tags,UniqueFileSources
,N/A,,,,,,,,,,,,,,,,,,,,"not applicable,male,female","Caucasian,not applicable,African American,Hispanic,Other","Normal Scalp @ Final,Normal Scalp @ Baseline,not applicable,Oily Scalp @ Final,Oily Scalp @ Baseline","A,not applicable,B,None,C","human,blank_extraction","skin_swab,pool_sample,blank_extraction","1,2,3,5,4,6","Normal Scalp,not applicable,Oily Scalp","Baseline,not applicable,Final",,[M + H3N + H]+,Organic compounds; Lipids and lipid-like molecules; Alcohols and polyols; Organic acids and derivatives; Carboxylic acids and derivatives; Organooxygen compounds; Fatty acid esters; Carboxylic acid derivatives; Monocarboxylic acids and derivatives; Secondary alcohols; Carbonyl compounds; Fatty Acyls; Organic oxides; Hydrocarbon derivatives; Organic oxygen compounds; Chemical entities,Fatty Acyls,,C24H44O5,Fatty acid esters,1203_CARA_HILIC_pos_SIRIUS_merge_3423,Fatty acid esters,Lipids and lipid-like molecules,0,3423,242,,,SIRIUS_CSI,430.3444 C24H44O5,430.3444 Fatty acid esters [M + H3N + H]+,,7,2,2,[M + H3N + H]+,,-103.63,16777218,1203_CARA_HILIC_pos_SIRIUS_merge_3423,"""InChI=1S/C24H44O5/c1-3-5-7-9-11-12-13-15-16-18-23(26)28-21-22(20-25)29-24(27)19-17-14-10-8-6-4-2/h13,15,22,25H,3-12,14,16-21H2,1-2H3""",SSBNCOYTWXGMEJ,SSBNCOYTWXGMEJ,430.352,PubChem:(44462358);PubChem class - bio and metabolites,,,,,,C24H44O5,,,,,,,,,,44462358,37.354,46.308,CCCCCCCCC(=O)OC(CO)COC(=O)CCC=CCCCCCCC,7.3,1,,N/A,0,0,0,0,0,0,,,242,7,0,0,0,0,0,0,"""https://gnps.ucsd.edu/ProteoSAFe/result.jsp?task=b699fd88a01f431591b91dc324f51255&view=view_all_clusters_withID&show=true#{""""main.cluster index_lowerinput"""":""""3423"""",""""main.cluster index_upperinput"""":""""3423""""}""",https://gnps.ucsd.edu/ProteoSAFe/result.jsp?view=network_displayer&componentindex=242&task=b699fd88a01f431591b91dc324f51255&show=true,,,,,,,,,,,,,,,,,,,,,,,,,,,,,,,,,,,,,,,,,,,,,,,,,,,,,,,,,,,,,,,,,,,,,,,,,,,,,,,,,,,,,,,,,,,,,,,,,,,,,,,,,,,,,,,,,,,,,,,,,,,,,,,,,162,430.3444,1,430.3444,0.579,0.579,0,,,3104423.671,3104423.671,162,28525.45591,14352.87815,22836.65292,16700.97546,9156.384596,19299.92694,19959.00654,51186.51975,23334.2541,12575.20341,7173.586813,16421.53265,11335.99664,21317.6952,27380.8722,14247.05686,18897.42068,10771.97639,9642.106888,9151.51862,9459.71654,8553.252071,16271.3342,25135.1184,15082.7904,35187.44641,9747.609491,18090.88368,19080.72454,,"https://gnps.ucsd.edu/ProteoSAFe/result.jsp?task=b699fd88a01f431591b91dc324f51255&view=view_all_clusters_withID&show=true#{""main.cluster index_lowerinput"":""3423"",""main.cluster index_upperinput"":""3423""}",https://gnps.ucsd.edu/ProteoSAFe/result.jsp?view=network_displayer&componentindex=242&task=b699fd88a01f431591b91dc324f51255&show=true,,,,,,,,,,,,,,,,,430.3444,,FALSE,,,,,3423,0,162,,,,,"Up, < 0.1",430.3444,,,,,,,,,,,,,,,,,,,,,,,,,,,,,,,,,,,,,,,430.3444,0.579,0.579,FALSE,3423,,[M + H3N + H]+,0.867,1203_CARA_HILIC_pos_SIRIUS_merge_3423,-0.697,6.109,C24H44O5,15,46.308,1,CCCCCCCCC(=O)OC(CO)COC(=O)CCC=CCCCCCCC,,3104423.671,,N/A
,N/A,,,,,,,,,,,,,,,,,,,,"not applicable,male,female","Caucasian,not applicable,African American,Hispanic,Other","Normal Scalp @ Final,Normal Scalp @ Baseline,not applicable,Oily Scalp @ Final,Oily Scalp @ Baseline","A,not applicable,B,None,C","human,blank_extraction","skin_swab,pool_sample,blank_extraction","1,2,3,5,4,6","Normal Scalp,not applicable,Oily Scalp","Baseline,not applicable,Final",,,,,,,,,,,0,9449,242,,,NETWORK,444.3667,444.3667,,,,,,,,,,,,,,,,,,,,,,,,,,,,,,,,,,,,,N/A,0,0,0,0,0,0,,,242,,0,0,0,0,0,0,"""https://gnps.ucsd.edu/ProteoSAFe/result.jsp?task=b699fd88a01f431591b91dc324f51255&view=view_all_clusters_withID&show=true#{""""main.cluster index_lowerinput"""":""""9449"""",""""main.cluster index_upperinput"""":""""9449""""}""",https://gnps.ucsd.edu/ProteoSAFe/result.jsp?view=network_displayer&componentindex=242&task=b699fd88a01f431591b91dc324f51255&show=true,,,,,,,,,,,,,,,,,,,,,,,,,,,,,,,,,,,,,,,,,,,,,,,,,,,,,,,,,,,,,,,,,,,,,,,,,,,,,,,,,,,,,,,,,,,,,,,,,,,,,,,,,,,,,,,,,,,,,,,,,,,,,,,,,168,444.3667,1,444.3667,0.9095,0.9095,0,,,524484.9399,524484.9399,168,10379.71136,976.86837,1544.485539,2247.261432,1066.271261,2517.007036,668.3350817,12977.49754,6677.133817,4250.334083,207.9878312,1617.090049,610.5014421,3558.452115,1249.576341,1045.610589,3229.858105,604.3260702,287.8681006,296.9629997,275.8542134,337.9388789,3819.021944,4538.439024,7449.305685,1627.572362,342.7647113,4541.228767,2931.819318,,"https://gnps.ucsd.edu/ProteoSAFe/result.jsp?task=b699fd88a01f431591b91dc324f51255&view=view_all_clusters_withID&show=true#{""main.cluster index_lowerinput"":""9449"",""main.cluster index_upperinput"":""9449""}",https://gnps.ucsd.edu/ProteoSAFe/result.jsp?view=network_displayer&componentindex=242&task=b699fd88a01f431591b91dc324f51255&show=true,,,,,,,,,,,,,,,,,444.3667,,FALSE,,,,,9449,0,168,,"Up, < 0.1",,,,444.3667,,,,,,,,,,,,,,,,,,,,,,,,,,,,,,,,,,,,,,,444.3667,0.9095,0.9095,FALSE,9449,,,,,,,,,,,,,524484.9399,,N/A
,N/A,,,,,,,,,,,,,,,,,,,,"not applicable,male,female","Caucasian,not applicable,African American,Hispanic,Other","Normal Scalp @ Final,Normal Scalp @ Baseline,not applicable,Oily Scalp @ Final,Oily Scalp @ Baseline","A,not applicable,B,None,C","human,blank_extraction","skin_swab,pool_sample,blank_extraction","1,2,3,5,4,6","Normal Scalp,not applicable,Oily Scalp","Baseline,not applicable,Final",,,,,,,,,,,0,2592,242,,,NETWORK,428.3342,428.3342,,5,,,,,,,,,,,,,,,,,,,,,,,,,,,,,,,,,,,N/A,0,0,0,0,0,0,,,242,5,0,0,0,0,0,0,"""https://gnps.ucsd.edu/ProteoSAFe/result.jsp?task=b699fd88a01f431591b91dc324f51255&view=view_all_clusters_withID&show=true#{""""main.cluster index_lowerinput"""":""""2592"""",""""main.cluster index_upperinput"""":""""2592""""}""",https://gnps.ucsd.edu/ProteoSAFe/result.jsp?view=network_displayer&componentindex=242&task=b699fd88a01f431591b91dc324f51255&show=true,,,,,,,,,,,,,,,,,,,,,,,,,,,,,,,,,,,,,,,,,,,,,,,,,,,,,,,,,,,,,,,,,,,,,,,,,,,,,,,,,,,,,,,,,,,,,,,,,,,,,,,,,,,,,,,,,,,,,,,,,,,,,,,,,166,428.3342,1,428.3342,0.521,0.521,0,,,1070665.884,1070665.884,166,13886.67585,3077.606421,6860.066622,5077.839611,3428.253341,5907.625435,3022.381725,20619.59742,11788.16009,7117.838669,2486.332893,4032.312596,2739.375321,7060.485731,5092.792326,3988.539511,6516.962263,3136.125013,2373.875335,2640.877447,2354.883769,3196.041645,6904.551876,8415.34322,10951.43652,5879.249925,2445.839123,7788.195672,6228.045579,,"https://gnps.ucsd.edu/ProteoSAFe/result.jsp?task=b699fd88a01f431591b91dc324f51255&view=view_all_clusters_withID&show=true#{""main.cluster index_lowerinput"":""2592"",""main.cluster index_upperinput"":""2592""}",https://gnps.ucsd.edu/ProteoSAFe/result.jsp?view=network_displayer&componentindex=242&task=b699fd88a01f431591b91dc324f51255&show=true,,,,,,,,,,,,,,,,,428.3342,,FALSE,,,,,2592,0,166,,,,,,428.3342,,,,,,,,,,,,,,,,,,,,,,,,,,,,,,,,,,,,,,,428.3342,0.521,0.521,FALSE,2592,,,,,,,,,,,,,1070665.884,,N/A
,N/A,,,,,,,,,,,,,,,,,,,,"not applicable,male,female","Caucasian,not applicable,African American,Hispanic,Other","Normal Scalp @ Final,Normal Scalp @ Baseline,not applicable,Oily Scalp @ Final,Oily Scalp @ Baseline","A,not applicable,B,None,C","human,blank_extraction","skin_swab,pool_sample,blank_extraction","1,2,3,5,4,6","Normal Scalp,not applicable,Oily Scalp","Baseline,not applicable,Final",,,,,,,,,,,0,9421,242,,,GNPS_LIBA,332.2425 Butaprost (free acid),332.2425 Fatty Acyls M-H,,,,,,,,,,,,,,,,,,,,,,,,,,,,,,,,,,,,,N/A,0,0,0,0,0,0,,,242,,0,0,0,0,0,0,"""https://gnps.ucsd.edu/ProteoSAFe/result.jsp?task=b699fd88a01f431591b91dc324f51255&view=view_all_clusters_withID&show=true#{""""main.cluster index_lowerinput"""":""""9421"""",""""main.cluster index_upperinput"""":""""9421""""}""",https://gnps.ucsd.edu/ProteoSAFe/result.jsp?view=network_displayer&componentindex=242&task=b699fd88a01f431591b91dc324f51255&show=true,,,,,,,,,,,,,,,,,,,,,,,,,,,,,,,,,,,,,,,,,,,,,,,,,,,,,,,,,,,,,,M-H,433219557,1,Fatty Acyls,Butaprost (free acid),Isolated,"""InChI=1S/C23H38O5/c1-2-13-23(14-8-15-23)21(26)11-7-10-18-17(19(24)16-20(18)25)9-5-3-4-6-12-22(27)28/h7,10,17-18,20-21,25-26H,2-6,8-9,11-16H2,1H3,(H,27,28)""",PAYNQYXOKJDXAV-UHFFFAOYSA-N,PAYNQYXOKJDXAV,CCCC1(C(O)CC=CC2C(O)CC(=O)C2CCCCCCC(=O)O)CCC1,CCCC1(C(O)CC=CC2C(O)CC(=O)C2CCCCCCC(=O)O)CCC1,NIST,0,spectra_filtered/specs_ms.mgf9421,"""InChI=1S/C23H38O5/c1-2-13-23(14-8-15-23)21(26)11-7-10-18-17(19(24)16-20(18)25)9-5-3-4-6-12-22(27)28/h7,10,17-18,20-21,25-26H,2-6,8-9,11-16H2,1H3,(H,27,28)/b10-7+/t17-,18-,20-,21+/m1/s1""",,PAYNQYXOKJDXAV-UHFFFAOYSA-N,PAYNQYXOKJDXAV,HCD,ESI,Negative,393.265,3,lib-00001.mgf,Bronze,61.0222,,,,,,14,265,0.658512,155168,,,,,,,,,Prostaglandins,Fatty acids,Prostaglandins,1,NIST17,NIST,393.265,,0,5,CCCC1(CCC1)C(CC=CC2C(CC(=O)C2CCCCCCC(=O)O)O)O,1,332.242,spectra_filtered/specs_ms.mgf,CCMSLIB00003428332,Eicosanoids,Lipids and lipid-like molecules,,7850,UPDATE-SINGLE-ANNOTATED-BRONZE,,,,,167,332.2425,1,332.2425,0.5408,0.5408,0,,,913997.7183,913997.7183,167,18573.12238,2703.464041,2898.745259,2748.853342,2749.542918,2969.047709,1049.773685,22075.69135,11299.00631,7239.177526,590.1909974,2014.868315,840.312001,5844.360299,1781.616281,1500.989603,5620.102298,1114.978932,1052.599614,1008.666752,948.3614619,1125.729963,7637.912143,7178.043214,12302.51728,2053.569144,918.3491815,9047.456372,4841.158191,,"https://gnps.ucsd.edu/ProteoSAFe/result.jsp?task=b699fd88a01f431591b91dc324f51255&view=view_all_clusters_withID&show=true#{""main.cluster index_lowerinput"":""9421"",""main.cluster index_upperinput"":""9421""}",https://gnps.ucsd.edu/ProteoSAFe/result.jsp?view=network_displayer&componentindex=242&task=b699fd88a01f431591b91dc324f51255&show=true,,,,,,,,,,,,,,,,,332.2425,,FALSE,,,,,9421,0,167,,,,,,332.2425,,,,,,,,,,,,,,,,,,,,,,,,,,,,,,,,,,,,,,,332.2425,0.5408,0.5408,FALSE,9421,,,,,,,,,,,CCCC1(C(O)CC=CC2C(O)CC(=O)C2CCCCCCC(=O)O)CCC1,,913997.7183,,N/A
,N/A,,,,,,,,,,,,,,,,,,,,"not applicable,male,female","Caucasian,not applicable,African American,Hispanic,Other","Normal Scalp @ Final,Normal Scalp @ Baseline,not applicable,Oily Scalp @ Final,Oily Scalp @ Baseline","A,not applicable,B,None,C","human,blank_extraction","skin_swab,pool_sample,blank_extraction","1,2,3,5,4,6","Normal Scalp,not applicable,Oily Scalp","Baseline,not applicable,Final",,[M + H]+,Organic compounds; Carbohydrates and carbohydrate conjugates; Lipids and lipid-like molecules; Alcohols and polyols; Ethers; Organic acids and derivatives; Carboxylic acids and derivatives; Organonitrogen compounds; Primary alcohols; Organooxygen compounds; Fatty amides; Carboxylic acid amides; Carboxylic acid derivatives; N-acyl amines; Monosaccharides; Acetals; Secondary alcohols; Secondary carboxylic acid amides; Carbonyl compounds; Fatty Acyls; Organic oxides; Hydrocarbon derivatives; Organopnictogen compounds; Organic oxygen compounds; Organic nitrogen compounds; Chemical entities,Fatty Acyls,N-acyl amines,C12H23NO6,N-acyl amines,385_CARA_HILIC_pos_SIRIUS_merge_9432,Fatty amides,Lipids and lipid-like molecules,0,9432,242,,,SIRIUS_CSI,278.1583 C12H20O6,278.1583 N-acyl amines [M + H3N + H]+,,,2,2,[M + H3N + H]+,,-115.111,3178498,385_CARA_HILIC_pos_SIRIUS_merge_9432,"""InChI=1S/C12H20O6/c1-8(17-10(3)14)12(18-11(4)15)6-5-7-16-9(2)13/h8,12H,5-7H2,1-4H3""",PTQHDKLAYYBJNN,PTQHDKLAYYBJNN,278.16,COCONUT:(CNP0237270);Natural Products:(UNPD82224 UNPD128684);PubChem:(121006755);SuperNatural:(SN00300229 SN00268462),,,,,,C12H20O6,,,,,,,,,,121006755,61.527,62.771,CC(C(CCCOC(=O)C)OC(=O)C)OC(=O)C,1.1,1,,N/A,0,0,0,0,0,0,,,242,,0,0,0,0,0,0,"""https://gnps.ucsd.edu/ProteoSAFe/result.jsp?task=b699fd88a01f431591b91dc324f51255&view=view_all_clusters_withID&show=true#{""""main.cluster index_lowerinput"""":""""9432"""",""""main.cluster index_upperinput"""":""""9432""""}""",https://gnps.ucsd.edu/ProteoSAFe/result.jsp?view=network_displayer&componentindex=242&task=b699fd88a01f431591b91dc324f51255&show=true,,,,,,,,,,,,,,,,,,,,,,,,,,,,,,,,,,,,,,,,,,,,,,,,,,,,,,,,,,,,,,,,,,,,,,,,,,,,,,,,,,,,,,,,,,,,,,,,,,,,,,,,,,,,,,,,,,,,,,,,,,,,,,,,,162,278.1583,1,278.1583,1.1151,1.1151,0,,,1513816.842,1513816.842,162,31271.74764,4388.699233,6195.528509,5823.770883,2074.35611,4310.784845,1519.665718,41207.45672,20729.24922,12294.06546,720.5998783,4612.70328,1458.138856,10524.24454,4398.618626,2090.477284,9317.859524,2512.831876,760.4708375,861.3706852,873.1331596,838.5376468,9692.669936,13680.63647,21486.52317,5874.749764,1626.842512,11487.08395,8824.853973,,"https://gnps.ucsd.edu/ProteoSAFe/result.jsp?task=b699fd88a01f431591b91dc324f51255&view=view_all_clusters_withID&show=true#{""main.cluster index_lowerinput"":""9432"",""main.cluster index_upperinput"":""9432""}",https://gnps.ucsd.edu/ProteoSAFe/result.jsp?view=network_displayer&componentindex=242&task=b699fd88a01f431591b91dc324f51255&show=true,,,,,,,,,,,,,,,,,278.1583,,FALSE,,,,,9432,0,162,,"Up, < 0.1","Up, < 0.1",,"Up, < 0.1",278.1583,,,,,,,,,,,,,,,,,,,,,,,,,,,,,,,,,,,,,,,278.1583,1.1151,1.1151,FALSE,9432,,[M + H3N + H]+,0.993,385_CARA_HILIC_pos_SIRIUS_merge_9432,-0.41,6.925,C12H20O6,24,62.771,1,CC(C(CCCOC(=O)C)OC(=O)C)OC(=O)C,,1513816.842,,N/A
,N/A,,,,,,,,,,,,,,,,,,,,"not applicable,male,female","Caucasian,not applicable,African American,Hispanic,Other","Normal Scalp @ Final,Normal Scalp @ Baseline,not applicable,Oily Scalp @ Final,Oily Scalp @ Baseline","A,not applicable,B,None,C","human,blank_extraction","skin_swab,pool_sample,blank_extraction","1,2,3,5,4,6","Normal Scalp,not applicable,Oily Scalp","Baseline,not applicable,Final",,,,,,,,,,,0,9481,242,,,NETWORK,416.3344,416.3344,,,,,,,,,,,,,,,,,,,,,,,,,,,,,,,,,,,,,N/A,0,0,0,0,0,0,,,242,,0,0,0,0,0,0,"""https://gnps.ucsd.edu/ProteoSAFe/result.jsp?task=b699fd88a01f431591b91dc324f51255&view=view_all_clusters_withID&show=true#{""""main.cluster index_lowerinput"""":""""9481"""",""""main.cluster index_upperinput"""":""""9481""""}""",https://gnps.ucsd.edu/ProteoSAFe/result.jsp?view=network_displayer&componentindex=242&task=b699fd88a01f431591b91dc324f51255&show=true,,,,,,,,,,,,,,,,,,,,,,,,,,,,,,,,,,,,,,,,,,,,,,,,,,,,,,,,,,,,,,,,,,,,,,,,,,,,,,,,,,,,,,,,,,,,,,,,,,,,,,,,,,,,,,,,,,,,,,,,,,,,,,,,,167,416.3344,1,416.3344,0.8493,0.8493,0,,,282401.0313,282401.0313,167,5266.761261,486.8417436,943.6713288,1182.892805,586.8705542,1618.713425,489.0868472,7256.171465,3772.294522,2318.156602,106.7362601,863.9325405,327.6990598,2018.355634,864.0976095,773.0268884,1739.263048,419.7237153,165.8907379,162.2707509,177.4280356,132.8477867,1687.216149,2604.240395,4041.182034,1167.298756,339.922176,2003.312127,1679.251893,,"https://gnps.ucsd.edu/ProteoSAFe/result.jsp?task=b699fd88a01f431591b91dc324f51255&view=view_all_clusters_withID&show=true#{""main.cluster index_lowerinput"":""9481"",""main.cluster index_upperinput"":""9481""}",https://gnps.ucsd.edu/ProteoSAFe/result.jsp?view=network_displayer&componentindex=242&task=b699fd88a01f431591b91dc324f51255&show=true,,,,,,,,,,,,,,,,,416.3344,,FALSE,,,,,9481,0,167,,"Up, < 0.1",,"Up, < 0.1",,416.3344,,,,,,,,,,,,,,,,,,,,,,,,,,,,,,,,,,,,,,,416.3344,0.8493,0.8493,FALSE,9481,,,,,,,,,,,,,282401.0313,,N/A
,N/A,,,,,,,,,,,,,,,,,,,,"not applicable,male,female","Caucasian,not applicable,African American,Hispanic,Other","Normal Scalp @ Final,Normal Scalp @ Baseline,not applicable,Oily Scalp @ Final,Oily Scalp @ Baseline","A,not applicable,B,None,C","human,blank_extraction","skin_swab,pool_sample,blank_extraction","1,2,3,5,4,6","Normal Scalp,not applicable,Oily Scalp","Baseline,not applicable,Final",,[M - H4O2 + H]+,Organic compounds; Lipids and lipid-like molecules; Alcohols and polyols; Organic acids and derivatives; Carboxylic acids and derivatives; Organonitrogen compounds; Primary alcohols; Organooxygen compounds; Fatty amides; Carboxylic acid amides; Carboxylic acid derivatives; N-acyl amines; Secondary alcohols; Secondary carboxylic acid amides; Carbonyl compounds; Polyols; Fatty Acyls; Organic oxides; Hydrocarbon derivatives; Organopnictogen compounds; Organic oxygen compounds; Organic nitrogen compounds; Chemical entities,Fatty Acyls,N-acyl amines,C25H53NO7,N-acyl amines,6170_CARA_HILIC_pos_SIRIUS_merge_2232,Fatty amides,Lipids and lipid-like molecules,0,2232,242,,,GNPS_LIBA,444.3669 C25H46O5 p-Fluorofentanyl,444.3669 Piperidines M+H,,5,2,2,[M + H3N + H]+,,-82.364,34,6170_CARA_HILIC_pos_SIRIUS_merge_2232,"""InChI=1S/C25H46O5/c1-3-5-6-7-8-9-10-11-12-13-14-15-16-17-18-20-25(28)30-23(21-26)22-29-24(27)19-4-2/h11-12,23,26H,3-10,13-22H2,1-2H3""",KSOVALZHNUYBPU,KSOVALZHNUYBPU,444.368,PubChem:(71728387 102141279);CHEBI:(75443),,,,,,C25H46O5,1-butyryl-2-(9Z)-octadecenoyl-sn-glycerol,,,,,,,,,71728387;102141279,33.499,49.315,CCCCCCCCC=CCCCCCCCC(=O)OC(CO)COC(=O)CCC,7.7,1,,N/A,0,0,0,0,0,0,,,242,5,0,0,0,0,0,0,"""https://gnps.ucsd.edu/ProteoSAFe/result.jsp?task=b699fd88a01f431591b91dc324f51255&view=view_all_clusters_withID&show=true#{""""main.cluster index_lowerinput"""":""""2232"""",""""main.cluster index_upperinput"""":""""2232""""}""",https://gnps.ucsd.edu/ProteoSAFe/result.jsp?view=network_displayer&componentindex=242&task=b699fd88a01f431591b91dc324f51255&show=true,,,,,,,,,,,,,,,,,,,,,,,,,,,,,,,,,,,,,,,,,,,,,,,,,,,,,,,,,,,,,,M+H,90736235,1,Piperidines,p-Fluorofentanyl,Isolated,"""InChI=1S/C22H27FN2O/c1-2-22(26)25(20-10-8-19(23)9-11-20)21-13-16-24(17-14-21)15-12-18-6-4-3-5-7-18/h3-11,21H,2,12-17H2,1H3""",KXUBAVLIJFTASZ-UHFFFAOYSA-N,KXUBAVLIJFTASZ,CCC(=O)N(c1ccc(F)cc1)C1CCN(CCc2ccccc2)CC1,CCC(=O)N(c1ccc(F)cc1)C1CCN(CCc2ccccc2)CC1,NIST,0,spectra_filtered/specs_ms.mgf2232,"""InChI=1S/C22H27FN2O/c1-2-22(26)25(20-10-8-19(23)9-11-20)21-13-16-24(17-14-21)15-12-18-6-4-3-5-7-18/h3-11,21H,2,12-17H2,1H3""",,KXUBAVLIJFTASZ-UHFFFAOYSA-N,KXUBAVLIJFTASZ,HCD,ESI,Positive,355.218,3,lib-00001.mgf,Bronze,89.1489,,,,,,1,2,0.814079,250970,,,,,,,,,,Alkaloids,,1,NIST17,NIST,355.218,,0,5,CCC(=O)N(C1CCN(CC1)CCC2=CC=CC=C2)C3=CC=C(C=C3)F,1,444.367,spectra_filtered/specs_ms.mgf,CCMSLIB00003566895,Fentanyls,Organoheterocyclic compounds,,232866,UPDATE-SINGLE-ANNOTATED-BRONZE,,,,,160,444.3669,1,444.3669,0.547,0.547,0,,,7876734.165,7876734.165,160,114958.6268,20220.2959,66827.7856,29535.63203,14264.26006,35505.33404,11280.60647,203079.3065,105629.9679,48156.11422,258.6772343,25853.12459,10488.73398,56053.2299,44663.71958,16866.26376,48612.2352,11589.72421,4265.729343,4217.008194,4329.431217,3998.775267,47852.38827,72478.02168,83431.24931,61524.79405,7384.766244,57371.13047,46621.57718,,"https://gnps.ucsd.edu/ProteoSAFe/result.jsp?task=b699fd88a01f431591b91dc324f51255&view=view_all_clusters_withID&show=true#{""main.cluster index_lowerinput"":""2232"",""main.cluster index_upperinput"":""2232""}",https://gnps.ucsd.edu/ProteoSAFe/result.jsp?view=network_displayer&componentindex=242&task=b699fd88a01f431591b91dc324f51255&show=true,,,,,,,,,,,,,,,,,444.3669,,FALSE,,,,,2232,0,160,,,,,,444.3669,,,,,,,,,,,,,,,,,,,,,,,,,,,,,,,,,,,,,,,444.3669,0.547,0.547,FALSE,2232,,[M + H3N + H]+,0.975,6170_CARA_HILIC_pos_SIRIUS_merge_2232,-0.563,2.32,C25H46O5,12,43.464,1,CCC(=O)N(c1ccc(F)cc1)C1CCN(CCc2ccccc2)CC1,,7876734.165,,N/A
,N/A,,,,,,,,,,,,,,,,,,,,"not applicable,male,female","Caucasian,not applicable,African American,Hispanic,Other","Normal Scalp @ Final,Normal Scalp @ Baseline,not applicable,Oily Scalp @ Final,Oily Scalp @ Baseline","A,not applicable,B,None,C","human,blank_extraction","skin_swab,pool_sample,blank_extraction","1,2,3,5,4,6","Normal Scalp,not applicable,Oily Scalp","Baseline,not applicable,Final",,[M + H]+,Organic compounds; Carbohydrates and carbohydrate conjugates; Lipids and lipid-like molecules; Alcohols and polyols; Organic acids and derivatives; Carboxylic acids and derivatives; Organonitrogen compounds; Primary alcohols; Organooxygen compounds; Fatty amides; Carboxylic acid amides; Carboxylic acid derivatives; N-acyl amines; Monosaccharides; Secondary alcohols; Secondary carboxylic acid amides; Carbonyl compounds; Fatty Acyls; Organic oxides; Hydrocarbon derivatives; Organopnictogen compounds; Organic oxygen compounds; Organic nitrogen compounds; Chemical entities,Fatty Acyls,N-acyl amines,C27H51NO5,N-acyl amines,4660_CARA_HILIC_pos_SIRIUS_merge_5029,Fatty amides,Lipids and lipid-like molecules,0,5029,242,,,GNPS_LIBA,470.3833 C27H48O5 12-OAHSA,470.3833  M+H,,,2,2,[M + H3N + H]+,,-143.154,3197286,4660_CARA_HILIC_pos_SIRIUS_merge_5029,"""InChI=1S/C27H48O5/c1-16(5-4-6-17(14-28)15-29)20-7-8-21-25-22(13-24(32)27(20,21)3)26(2)10-9-19(30)11-18(26)12-23(25)31/h16-25,28-32H,4-15H2,1-3H3""",JNMALBXXJSWZQY,JNMALBXXJSWZQY,470.383,COCONUT:(CNP0118001);Natural Products:(UNPD66893 UNPD73479 UNPD83758 UNPD32061 UNPD86390 UNPD50434);PubChem:(160665 5284188 5284215 5316285 5316286 21123870 24883433 24998886 24998887 71436760);SuperNatural:(SN00401125 SN00264844 SN00162973 SN00256685 SN00162974 SN00380024 SN00364119 SN00378186);CHEBI:(50422 37913 50421);MeSH:(160665);KEGG:(C16890);Training Set;PubMed;Biocyc:(CPD-16805),,,,,,C27H48O5,Cyprinol,,,,,,,,,160665;5284188;5284215;5316285;5316286;21123870;24883433;24998886;24998887;71436760,33.499,49.152,CC(CCCC(CO)CO)C1CCC2C1(C(CC3C2C(CC4C3(CCC(C4)O)C)O)O)C,4,1,,N/A,0,0,0,0,0,0,,,242,,0,0,0,0,0,0,"""https://gnps.ucsd.edu/ProteoSAFe/result.jsp?task=b699fd88a01f431591b91dc324f51255&view=view_all_clusters_withID&show=true#{""""main.cluster index_lowerinput"""":""""5029"""",""""main.cluster index_upperinput"""":""""5029""""}""",https://gnps.ucsd.edu/ProteoSAFe/result.jsp?view=network_displayer&componentindex=242&task=b699fd88a01f431591b91dc324f51255&show=true,,,,,,,,,,,,,,,,,,,,,,,,,,,,,,,,,,,,,,,,,,,,,,,,,,,,,,,,,,,,,,M+H,101901-73-9,0,,12-OAHSA,Isolated,,,,,,,0,spectra_filtered/specs_ms.mgf5029,,,,,LC-ESI-QTOF,LC-ESI,Positive-0eV,565.519,3,lib-00000.mgf,Bronze,95.1358,,,,,,0,0,0.754448,168227,,,,,,,,,,,,1,METLIN,Metlin,565.519,,0,5,,1,470.383,spectra_filtered/specs_ms.mgf,CCMSLIB00000490849,,,,105449,UPDATE-SINGLE-ANNOTATED-BRONZE,,,,,155,470.3833,1,470.3833,0.5272,0.5272,0,,,3375516.327,3375516.327,155,53225.73463,8554.052914,20606.08889,13448.35248,6567.026258,18152.89937,4196.937874,68571.70467,38126.66999,20026.33004,422.5839543,7097.296672,4189.688886,19766.70199,11911.36403,6955.893102,20820.86928,4181.090332,2386.518863,1738.724807,1599.438025,2009.105031,33408.57752,25437.45483,34857.73093,16017.17873,4178.777742,40005.77623,16460.66316,,"https://gnps.ucsd.edu/ProteoSAFe/result.jsp?task=b699fd88a01f431591b91dc324f51255&view=view_all_clusters_withID&show=true#{""main.cluster index_lowerinput"":""5029"",""main.cluster index_upperinput"":""5029""}",https://gnps.ucsd.edu/ProteoSAFe/result.jsp?view=network_displayer&componentindex=242&task=b699fd88a01f431591b91dc324f51255&show=true,,,,,,,,,,,,,,,,,470.3833,,FALSE,,,,,5029,0,155,,"Up, < 0.1",,,,470.3833,M-H,,1,NCGC00380381-01_C24H27NO9_,isolated,lfnothias,473.169,0.268133462,spectrapklbin/spec-00000.mgf5029,"""InChI=1S/C24H27NO9/c26-14-7-5-13(6-8-14)9-10-32-24-22(30)21(29)20(28)18(34-24)12-33-19(27)11-16-15-3-1-2-4-17(15)25-23(16)31/h1-8,16,18,20-22,24,26,28-30H,9-12H2,(H,25,31)/t16?,18-,20-,21+,22-,24-/m1/s1""",,Maxis II HD Q-TOF Bruker,spec-00000.mgf,LC-ESI,negative,472.161,1,lib-00003.mgf,Gold,1.77771,0.503766,3765.05,1,GNPS-NIH-NATURALPRODUCTSLIBRARY_ROUND2_NEGATIVE,Jadhav/Dorrestein,472.161,,31.635,4,O[C@H]1[C@H](O)[C@@H](COC(=O)CC2C(=O)NC3=C2C=CC=C3)O[C@@H](OCCC4=CC=C(O)C=C4)[C@@H]1O,1,470.383,CARA_HILIC_pos_GNPS.mgf,CCMSLIB00000850656,,108042,UPDATE-SINGLE-ANNOTATED-GOLD,,470.3833,0.5272,0.5272,FALSE,5029,,[M + H3N + H]+,0.961,4660_CARA_HILIC_pos_SIRIUS_merge_5029,-1.489,3.444,C27H48O5,12,48.754,1,CC(CCCC(CO)CO)C1CCC2C1(C(CC3C2C(CC4C3(CCC(C4)O)C)O)O)C,,3375516.327,,N/A
,N/A,,,,,,,,,,,,,,,,,,,,"not applicable,male,female","Caucasian,not applicable,African American,Hispanic,Other","Normal Scalp @ Final,Normal Scalp @ Baseline,not applicable,Oily Scalp @ Final,Oily Scalp @ Baseline","A,not applicable,B,None,C","human,blank_extraction","skin_swab,pool_sample,blank_extraction","1,2,3,5,4,6","Normal Scalp,not applicable,Oily Scalp","Baseline,not applicable,Final",,,,,,,,,,,0,9494,242,,,NETWORK,442.3521,442.3521,,,,,,,,,,,,,,,,,,,,,,,,,,,,,,,,,,,,,N/A,0,0,0,0,0,0,,,242,,0,0,0,0,0,0,"""https://gnps.ucsd.edu/ProteoSAFe/result.jsp?task=b699fd88a01f431591b91dc324f51255&view=view_all_clusters_withID&show=true#{""""main.cluster index_lowerinput"""":""""9494"""",""""main.cluster index_upperinput"""":""""9494""""}""",https://gnps.ucsd.edu/ProteoSAFe/result.jsp?view=network_displayer&componentindex=242&task=b699fd88a01f431591b91dc324f51255&show=true,,,,,,,,,,,,,,,,,,,,,,,,,,,,,,,,,,,,,,,,,,,,,,,,,,,,,,,,,,,,,,,,,,,,,,,,,,,,,,,,,,,,,,,,,,,,,,,,,,,,,,,,,,,,,,,,,,,,,,,,,,,,,,,,,121,442.3521,1,442.3521,1.0371,1.0371,0,,,302934.1361,302934.1361,121,5592.114358,593.8971159,1413.182162,1096.523993,750.1762746,1373.182385,514.2764767,6782.408545,3849.876848,2446.466009,44.45180219,1226.9134,537.1024241,2190.43982,1005.349206,1291.331994,1868.31744,412.2499043,304.7464096,270.8777458,294.4661844,225.088424,1766.26104,2753.717699,4178.563429,1328.871969,312.0615916,2110.622888,1813.24802,,"https://gnps.ucsd.edu/ProteoSAFe/result.jsp?task=b699fd88a01f431591b91dc324f51255&view=view_all_clusters_withID&show=true#{""main.cluster index_lowerinput"":""9494"",""main.cluster index_upperinput"":""9494""}",https://gnps.ucsd.edu/ProteoSAFe/result.jsp?view=network_displayer&componentindex=242&task=b699fd88a01f431591b91dc324f51255&show=true,,,,,,,,,,,,,,,,,442.3521,,FALSE,,,,,9494,0,121,,"Up, < 0.1",,"Up, < 0.1",,442.3521,,,,,,,,,,,,,,,,,,,,,,,,,,,,,,,,,,,,,,,442.3521,1.0371,1.0371,FALSE,9494,,,,,,,,,,,,,302934.1361,,N/A
,N/A,,,,,,,,,,,,,,,,,,,,"not applicable,male,female","Caucasian,not applicable,African American,Hispanic,Other","Normal Scalp @ Final,Normal Scalp @ Baseline,not applicable,Oily Scalp @ Final,Oily Scalp @ Baseline","A,not applicable,B,None,C","human,blank_extraction","skin_swab,pool_sample,blank_extraction","1,2,3,5,4,6","Normal Scalp,not applicable,Oily Scalp","Baseline,not applicable,Final",,,,,,,,,,,0,9446,242,,,NETWORK,466.3521,466.3521,,,,,,,,,,,,,,,,,,,,,,,,,,,,,,,,,,,,,N/A,0,0,0,0,0,0,,,242,,0,0,0,0,0,0,"""https://gnps.ucsd.edu/ProteoSAFe/result.jsp?task=b699fd88a01f431591b91dc324f51255&view=view_all_clusters_withID&show=true#{""""main.cluster index_lowerinput"""":""""9446"""",""""main.cluster index_upperinput"""":""""9446""""}""",https://gnps.ucsd.edu/ProteoSAFe/result.jsp?view=network_displayer&componentindex=242&task=b699fd88a01f431591b91dc324f51255&show=true,,,,,,,,,,,,,,,,,,,,,,,,,,,,,,,,,,,,,,,,,,,,,,,,,,,,,,,,,,,,,,,,,,,,,,,,,,,,,,,,,,,,,,,,,,,,,,,,,,,,,,,,,,,,,,,,,,,,,,,,,,,,,,,,,166,466.3521,1,466.3521,0.5309,0.5309,0,,,532378.3794,532378.3794,166,10566.9973,1441.147286,2448.149509,1533.029447,1223.368079,1800.821923,717.9325204,13331.20752,7368.306813,4402.626872,155.699015,1054.268202,753.2617654,3618.385647,1385.537572,1023.037645,3280.519662,1065.837873,429.2567134,568.287564,559.4725386,585.3990841,3506.189214,4606.599872,7495.897432,1717.302311,449.5577369,4176.287253,3076.936119,,"https://gnps.ucsd.edu/ProteoSAFe/result.jsp?task=b699fd88a01f431591b91dc324f51255&view=view_all_clusters_withID&show=true#{""main.cluster index_lowerinput"":""9446"",""main.cluster index_upperinput"":""9446""}",https://gnps.ucsd.edu/ProteoSAFe/result.jsp?view=network_displayer&componentindex=242&task=b699fd88a01f431591b91dc324f51255&show=true,,,,,,,,,,,,,,,,,466.3521,,FALSE,,,,,9446,0,166,,"Up, < 0.1",,,,466.3521,,,,,,,,,,,,,,,,,,,,,,,,,,,,,,,,,,,,,,,466.3521,0.5309,0.5309,FALSE,9446,,,,,,,,,,,,,532378.3794,,N/A
,N/A,,,,,,,,,,,,,,,,,,,,"not applicable,male,female","Caucasian,not applicable,African American,Hispanic,Other","Normal Scalp @ Final,Normal Scalp @ Baseline,not applicable,Oily Scalp @ Final,Oily Scalp @ Baseline","A,not applicable,B,None,C","human,blank_extraction","skin_swab,pool_sample,blank_extraction","1,2,3,5,4,6","Normal Scalp,not applicable,Oily Scalp","Baseline,not applicable,Final",,[M - H4O2 + H]+,Organic compounds; Organoheterocyclic compounds; Carbohydrates and carbohydrate conjugates; Alcohols and polyols; Organonitrogen compounds; Primary alcohols; Organooxygen compounds; Fatty amides; N-acyl amines; Monosaccharides; Secondary alcohols; Carbonyl compounds; Oxanes; Polyols; Amines; Alkanolamines; Aminosaccharides; Fatty Acyls; Organic oxides; Oxacyclic compounds; Hydrocarbon derivatives; Organopnictogen compounds; Organic oxygen compounds; Organic nitrogen compounds; Chemical entities,Fatty Acyls,N-acyl amines,C13H28N2O9,N-acyl amines,4220_CARA_HILIC_pos_SIRIUS_merge_10052,Fatty amides,Lipids and lipid-like molecules,0,10052,242,,,SIRIUS_CSI,321.1637 C13H21NO7 (5-acetamido-3-acetyloxy-2-methoxy-6-methyloxan-4-yl) acetate,321.1637 N-acyl amines [M + H3N + H]+,,,3,7,[M + H3N + H]+,,-161.995,3178498,4220_CARA_HILIC_pos_SIRIUS_merge_10052,"""InChI=1S/C13H21NO7/c1-6-10(14-7(2)15)11(20-8(3)16)12(21-9(4)17)13(18-5)19-6/h6,10-13H,1-5H3,(H,14,15)""",SISYQLPLROJNKC,SISYQLPLROJNKC,321.164,COCONUT:(CNP0267930);Natural Products:(UNPD177909 UNPD143303);PubChem:(538759 91691758 102239953);SuperNatural:(SN00374986 SN00324937),,,,,,C13H21NO7,(5-acetamido-3-acetyloxy-2-methoxy-6-methyloxan-4-yl) acetate,,,,,,,,,538759;91691758;102239953,126.633,21.15,CC1C(C(C(C(O1)OC)OC(=O)C)OC(=O)C)NC(=O)C,-0.4,0.847,,N/A,0,0,0,0,0,0,,,242,,0,0,0,0,0,0,"""https://gnps.ucsd.edu/ProteoSAFe/result.jsp?task=b699fd88a01f431591b91dc324f51255&view=view_all_clusters_withID&show=true#{""""main.cluster index_lowerinput"""":""""10052"""",""""main.cluster index_upperinput"""":""""10052""""}""",https://gnps.ucsd.edu/ProteoSAFe/result.jsp?view=network_displayer&componentindex=242&task=b699fd88a01f431591b91dc324f51255&show=true,,,,,,,,,,,,,,,,,,,,,,,,,,,,,,,,,,,,,,,,,,,,,,,,,,,,,,,,,,,,,,,,,,,,,,,,,,,,,,,,,,,,,,,,,,,,,,,,,,,,,,,,,,,,,,,,,,,,,,,,,,,,,,,,,168,321.1637,1,321.1637,2.1378,2.1378,0,,,188696.2881,188696.2881,168,1488.121699,885.9962986,1152.602003,1082.626139,898.5288401,1231.278169,1064.26995,2255.14564,1538.193232,1224.986125,147.4601303,1204.185499,995.5851264,1206.305558,1212.402509,1041.317599,1159.330416,1268.305029,719.6916976,807.6193749,921.3499576,586.8482439,770.2213708,1470.57744,1469.376211,1471.778668,756.441754,894.7736189,1219.456961,,"https://gnps.ucsd.edu/ProteoSAFe/result.jsp?task=b699fd88a01f431591b91dc324f51255&view=view_all_clusters_withID&show=true#{""main.cluster index_lowerinput"":""10052"",""main.cluster index_upperinput"":""10052""}",https://gnps.ucsd.edu/ProteoSAFe/result.jsp?view=network_displayer&componentindex=242&task=b699fd88a01f431591b91dc324f51255&show=true,,,,,,,,,,,,,,,,,321.1637,,FALSE,,,,,10052,0,168,,,,,,321.1637,M-H2O+H,,1,NCGC00380837-01_C18H27NO5_,isolated,lfnothias,337.189,0.255293767,spectrapklbin/spec-00000.mgf10052,"""InChI=1S/C18H27NO5/c1-18(2,24)11-14(12-20)19-17(23)10-16(22)9-15(21)8-13-6-4-3-5-7-13/h3-7,14,16,20,22,24H,8-12H2,1-2H3,(H,19,23)""",,Maxis II HD Q-TOF Bruker,spec-00000.mgf,LC-ESI,positive,320.185,1,lib-00003.mgf,Gold,0.978699,0.565329,3056.67,1,GNPS-NIH-NATURALPRODUCTSLIBRARY_ROUND2_POSITIVE,Jadhav/Dorrestein,320.185,,128.265,3,CC(C)(O)CC(CO)NC(=O)CC(O)CC(=O)CC1=CC=CC=C1,1,321.164,CARA_HILIC_pos_GNPS.mgf,CCMSLIB00000851188,,926,UPDATE-SINGLE-ANNOTATED-GOLD,,321.1637,2.1378,2.1378,FALSE,10052,,[M + H3N + H]+,0.87,4220_CARA_HILIC_pos_SIRIUS_merge_10052,-4.445,5.853,C13H21NO7,6,21.15,0.847,CC1C(C(C(C(O1)OC)OC(=O)C)OC(=O)C)NC(=O)C,,188696.2881,,N/A
,N/A,,,,,,,,,,,,,,,,,,,,"not applicable,male,female","Caucasian,not applicable,African American,Hispanic,Other","Normal Scalp @ Final,Normal Scalp @ Baseline,not applicable,Oily Scalp @ Final,Oily Scalp @ Baseline","A,not applicable,B,None,C","human,blank_extraction","skin_swab,pool_sample,blank_extraction","1,2,3,5,4,6","Normal Scalp,not applicable,Oily Scalp","Baseline,not applicable,Final",,[M + H]+,Organic compounds; Carbohydrates and carbohydrate conjugates; Lipids and lipid-like molecules; Alcohols and polyols; Ethers; Organic acids and derivatives; Carboxylic acids and derivatives; Organonitrogen compounds; Primary alcohols; Organooxygen compounds; Fatty amides; Carboxylic acid amides; Carboxylic acid derivatives; N-acyl amines; Monosaccharides; Acetals; Secondary alcohols; Secondary carboxylic acid amides; Carbonyl compounds; Fatty Acyls; Organic oxides; Hydrocarbon derivatives; Organopnictogen compounds; Organic oxygen compounds; Organic nitrogen compounds; Chemical entities,Fatty Acyls,N-acyl amines,C12H23NO6,N-acyl amines,6182_CARA_HILIC_pos_SIRIUS_merge_20223,Fatty amides,Lipids and lipid-like molecules,0,20223,242,,,SIRIUS_CSI,278.1581 C12H20O6,278.1581 N-acyl amines [M + H3N + H]+,,,2,2,[M + H3N + H]+,,-115.657,3178498,6182_CARA_HILIC_pos_SIRIUS_merge_20223,"""InChI=1S/C12H20O6/c1-8(17-10(3)14)12(18-11(4)15)6-5-7-16-9(2)13/h8,12H,5-7H2,1-4H3""",PTQHDKLAYYBJNN,PTQHDKLAYYBJNN,278.159,COCONUT:(CNP0237270);Natural Products:(UNPD82224 UNPD128684);PubChem:(121006755);SuperNatural:(SN00300229 SN00268462),,,,,,C12H20O6,,,,,,,,,,121006755,61.527,61.926,CC(C(CCCOC(=O)C)OC(=O)C)OC(=O)C,1.1,1,,N/A,0,0,0,0,0,0,,,242,,0,0,0,0,0,0,"""https://gnps.ucsd.edu/ProteoSAFe/result.jsp?task=b699fd88a01f431591b91dc324f51255&view=view_all_clusters_withID&show=true#{""""main.cluster index_lowerinput"""":""""20223"""",""""main.cluster index_upperinput"""":""""20223""""}""",https://gnps.ucsd.edu/ProteoSAFe/result.jsp?view=network_displayer&componentindex=242&task=b699fd88a01f431591b91dc324f51255&show=true,,,,,,,,,,,,,,,,,,,,,,,,,,,,,,,,,,,,,,,,,,,,,,,,,,,,,,,,,,,,,,,,,,,,,,,,,,,,,,,,,,,,,,,,,,,,,,,,,,,,,,,,,,,,,,,,,,,,,,,,,,,,,,,,,168,278.1581,1,278.1581,1.1404,1.1404,0,,,1144937.605,1144937.605,168,24456.93716,4030.840935,3071.219002,3595.266865,1900.539613,3835.825173,1437.218583,27825.20751,15164.40704,9848.448035,790.6948193,2706.750079,1509.537359,7476.98975,2079.771072,2057.034376,7038.231086,2564.462242,822.3691943,939.1323518,934.5767827,947.9755152,8209.048003,9786.039746,17023.02733,2549.052157,1983.842643,9692.71864,6434.93846,,"https://gnps.ucsd.edu/ProteoSAFe/result.jsp?task=b699fd88a01f431591b91dc324f51255&view=view_all_clusters_withID&show=true#{""main.cluster index_lowerinput"":""20223"",""main.cluster index_upperinput"":""20223""}",https://gnps.ucsd.edu/ProteoSAFe/result.jsp?view=network_displayer&componentindex=242&task=b699fd88a01f431591b91dc324f51255&show=true,,,,,,,,,,,,,,,,,278.1581,,FALSE,,,,,20223,0,168,,"Up, < 0.1","Up, < 0.1",,"Up, < 0.1",278.1581,,,,,,,,,,,,,,,,,,,,,,,,,,,,,,,,,,,,,,,278.1581,1.1404,1.1404,FALSE,20223,,[M + H3N + H]+,0.993,6182_CARA_HILIC_pos_SIRIUS_merge_20223,-1.488,6.509,C12H20O6,24,61.926,1,CC(C(CCCOC(=O)C)OC(=O)C)OC(=O)C,,1144937.605,,N/A
,N/A,,,,,,,,,,,,,,,,,,,,"not applicable,male,female","Caucasian,not applicable,African American,Hispanic,Other","Normal Scalp @ Final,Normal Scalp @ Baseline,not applicable,Oily Scalp @ Final,Oily Scalp @ Baseline","A,not applicable,B,None,C","human,blank_extraction","skin_swab,pool_sample,blank_extraction","1,2,3,5,4,6","Normal Scalp,not applicable,Oily Scalp","Baseline,not applicable,Final",,,,,,,,,,,0,9461,242,,,NETWORK,442.3514,442.3514,,,,,,,,,,,,,,,,,,,,,,,,,,,,,,,,,,,,,N/A,0,0,0,0,0,0,,,242,,0,0,0,0,0,0,"""https://gnps.ucsd.edu/ProteoSAFe/result.jsp?task=b699fd88a01f431591b91dc324f51255&view=view_all_clusters_withID&show=true#{""""main.cluster index_lowerinput"""":""""9461"""",""""main.cluster index_upperinput"""":""""9461""""}""",https://gnps.ucsd.edu/ProteoSAFe/result.jsp?view=network_displayer&componentindex=242&task=b699fd88a01f431591b91dc324f51255&show=true,,,,,,,,,,,,,,,,,,,,,,,,,,,,,,,,,,,,,,,,,,,,,,,,,,,,,,,,,,,,,,,,,,,,,,,,,,,,,,,,,,,,,,,,,,,,,,,,,,,,,,,,,,,,,,,,,,,,,,,,,,,,,,,,,164,442.3514,1,442.3514,0.8695,0.8695,0,,,397436.0478,397436.0478,164,7188.999438,974.091216,1365.032407,1333.875206,845.5996628,2486.546634,722.9325581,8822.232237,4901.703101,3126.152213,67.59062434,1089.50189,579.4310794,2563.967235,1022.364103,1250.625046,2450.805581,856.421047,221.9800064,239.7050677,273.9386892,173.2515673,2966.768501,3398.135712,5421.836269,1374.435155,354.1828818,3546.604077,2201.760468,,"https://gnps.ucsd.edu/ProteoSAFe/result.jsp?task=b699fd88a01f431591b91dc324f51255&view=view_all_clusters_withID&show=true#{""main.cluster index_lowerinput"":""9461"",""main.cluster index_upperinput"":""9461""}",https://gnps.ucsd.edu/ProteoSAFe/result.jsp?view=network_displayer&componentindex=242&task=b699fd88a01f431591b91dc324f51255&show=true,,,,,,,,,,,,,,,,,442.3514,,FALSE,,,,,9461,0,164,,"Up, < 0.01",,"Up, < 0.1",,442.3514,,,,,,,,,,,,,,,,,,,,,,,,,,,,,,,,,,,,,,,442.3514,0.8695,0.8695,FALSE,9461,,,,,,,,,,,,,397436.0478,,N/A
,N/A,,,,,,,,,,,,,,,,,,,,"not applicable,male,female","Caucasian,not applicable,African American,Hispanic,Other","Normal Scalp @ Final,Normal Scalp @ Baseline,not applicable,Oily Scalp @ Final,Oily Scalp @ Baseline","A,not applicable,B,None,C","human,blank_extraction","skin_swab,pool_sample,blank_extraction","1,2,3,5,4,6","Normal Scalp,not applicable,Oily Scalp","Baseline,not applicable,Final",,,,,,,,,,,0,9424,242,,,NETWORK,360.2732,360.2732,,,,,,,,,,,,,,,,,,,,,,,,,,,,,,,,,,,,,N/A,0,0,0,0,0,0,,,242,,0,0,0,0,0,0,"""https://gnps.ucsd.edu/ProteoSAFe/result.jsp?task=b699fd88a01f431591b91dc324f51255&view=view_all_clusters_withID&show=true#{""""main.cluster index_lowerinput"""":""""9424"""",""""main.cluster index_upperinput"""":""""9424""""}""",https://gnps.ucsd.edu/ProteoSAFe/result.jsp?view=network_displayer&componentindex=242&task=b699fd88a01f431591b91dc324f51255&show=true,,,,,,,,,,,,,,,,,,,,,,,,,,,,,,,,,,,,,,,,,,,,,,,,,,,,,,,,,,,,,,,,,,,,,,,,,,,,,,,,,,,,,,,,,,,,,,,,,,,,,,,,,,,,,,,,,,,,,,,,,,,,,,,,,167,360.2732,1,360.2732,0.5344,0.5344,0,,,666929.4423,666929.4423,167,13447.06833,1952.957905,1622.00224,2307.016246,2097.716482,2392.147454,989.7964112,15380.02498,8104.046003,5457.220268,516.3009711,1559.052965,905.9874413,4327.180357,1249.184607,1260.341543,4097.726151,937.8660667,1071.090342,916.8776821,931.8020013,887.9069447,5295.623204,5249.306377,9099.630092,1398.982662,875.0128381,6251.48765,3608.234902,,"https://gnps.ucsd.edu/ProteoSAFe/result.jsp?task=b699fd88a01f431591b91dc324f51255&view=view_all_clusters_withID&show=true#{""main.cluster index_lowerinput"":""9424"",""main.cluster index_upperinput"":""9424""}",https://gnps.ucsd.edu/ProteoSAFe/result.jsp?view=network_displayer&componentindex=242&task=b699fd88a01f431591b91dc324f51255&show=true,,,,,,,,,,,,,,,,,360.2732,,FALSE,,,,,9424,0,167,,,,,,360.2732,,,,,,,,,,,,,,,,,,,,,,,,,,,,,,,,,,,,,,,360.2732,0.5344,0.5344,FALSE,9424,,,,,,,,,,,,,666929.4423,,N/A
,N/A,,,,,,,,,,,,,,,,,,,,"not applicable,male,female","Caucasian,not applicable,African American,Hispanic,Other","Normal Scalp @ Final,Normal Scalp @ Baseline,not applicable,Oily Scalp @ Final,Oily Scalp @ Baseline","A,not applicable,B,None,C","human,blank_extraction","skin_swab,pool_sample,blank_extraction","1,2,3,5,4,6","Normal Scalp,not applicable,Oily Scalp","Baseline,not applicable,Final",,[M + H]+,Organic compounds; Carbohydrates and carbohydrate conjugates; Lipids and lipid-like molecules; Alcohols and polyols; Organic acids and derivatives; Carboxylic acids and derivatives; Organonitrogen compounds; Primary alcohols; Organooxygen compounds; Fatty amides; Carboxylic acid amides; Carboxylic acid derivatives; N-acyl amines; Monosaccharides; Secondary alcohols; Secondary carboxylic acid amides; Carbonyl compounds; Fatty Acyls; Organic oxides; Hydrocarbon derivatives; Organopnictogen compounds; Organic oxygen compounds; Organic nitrogen compounds; Chemical entities,Fatty Acyls,N-acyl amines,C25H47NO5,N-acyl amines,152_CARA_HILIC_pos_SIRIUS_merge_5050,Fatty amides,Lipids and lipid-like molecules,0,5050,242,,,GNPS_LIBA,442.3507 C25H44O5 Palmitoleoyl 3-carbacyclic phosphatidic acid,442.3507 Fatty Acyls M+H,,5,2,2,[M + H3N + H]+,,-93.497,103309414,152_CARA_HILIC_pos_SIRIUS_merge_5050,"""InChI=1S/C25H44O5/c1-4-5-6-7-10-13-20(26)16-17-22-21(23(27)18-24(22)28)14-11-8-9-12-15-25(29)30-19(2)3/h8,11,19,21-24,27-28H,4-7,9-10,12-18H2,1-3H3""",XXUPXHKCPIKWLR,XXUPXHKCPIKWLR,442.352,COCONUT:(CNP0074698);PubChem:(3777 151671 5282175 5353690 6440208 14772992 24011720 46783214 46783215 53315143 57369431 58649675 70130240 91254471 126968757 133687313 134693212);CHEBI:(31731);ZINC bio:(ZINC14234780);additional;MeSH:(5282175 6440208);PubChem class - safety and toxic;Training Set;PubMed;PubChem class - drug,,,,,,C25H44O5,Eescula,,,,,,,,,3777;151671;5282175;5353690;6440208;14772992;24011720;46783214;46783215;53315143;57369431;58649675;70130240;91254471;126968757;133687313;134693212,31.629,54.581,CCCCCCCC(=O)CCC1C(CC(C1CC=CCCCC(=O)OC(C)C)O)O,4.9,1,,N/A,0,0,0,0,0,0,,,242,5,0,0,0,0,0,0,"""https://gnps.ucsd.edu/ProteoSAFe/result.jsp?task=b699fd88a01f431591b91dc324f51255&view=view_all_clusters_withID&show=true#{""""main.cluster index_lowerinput"""":""""5050"""",""""main.cluster index_upperinput"""":""""5050""""}""",https://gnps.ucsd.edu/ProteoSAFe/result.jsp?view=network_displayer&componentindex=242&task=b699fd88a01f431591b91dc324f51255&show=true,,,,,,,,,,,,,,,,,,,,,,,,,,,,,,,,,,,,,,,,,,,,,,,,,,,,,,,,,,,,,,M+H,910228136,1,Fatty Acyls,Palmitoleoyl 3-carbacyclic phosphatidic acid,Isolated,"""InChI=1S/C20H37O5P/c1-2-3-4-5-6-7-8-9-10-11-12-13-14-15-20(21)24-18-19-16-17-26(22,23)25-19/h7-8,19H,2-6,9-18H2,1H3,(H,22,23)""",IAGUMCXYAAGWJD-UHFFFAOYSA-N,IAGUMCXYAAGWJD,CCCCCCC=CCCCCCCCC(=O)OCC1CCP(=O)(O)O1,CCCCCCC=CCCCCCCCC(=O)OCC1CCP(=O)(O)O1,NIST,0,spectra_filtered/specs_ms.mgf5050,"""InChI=1S/C20H37O5P/c1-2-3-4-5-6-7-8-9-10-11-12-13-14-15-20(21)24-18-19-16-17-26(22,23)25-19/h7-8,19H,2-6,9-18H2,1H3,(H,22,23)/b8-7-""",,IAGUMCXYAAGWJD-UHFFFAOYSA-N,IAGUMCXYAAGWJD,IT-FT/ion trap with FTMS,ESI,Positive,389.245,3,lib-00001.mgf,Bronze,53.1056,,,,,,0,0,0.644052,136432,,,,,,,,,,Fatty acids,,1,NIST17,NIST,389.245,,0,5,CCCCCCC=CCCCCCCCC(=O)OCC1CCP(=O)(O1)O,1,442.351,spectra_filtered/specs_ms.mgf,CCMSLIB00003334827,Fatty acid esters,Lipids and lipid-like molecules,,27065,UPDATE-SINGLE-ANNOTATED-BRONZE,,,,,160,442.3507,1,442.3507,0.5422,0.5422,0,,,7928666.621,7928666.621,160,133699.1374,19282.94431,60322.89946,28351.01105,9317.938985,32192.73384,9183.18156,203003.0845,108612.6686,52790.919,311.4573398,20702.74419,9336.42268,56560.56877,37215.79221,17381.50812,48930.85109,6526.600081,5028.22559,4344.577815,4482.209867,4077.409713,51767.29631,71314.81784,91673.53854,50956.09714,5263.793891,62058.4641,45947.30268,,"https://gnps.ucsd.edu/ProteoSAFe/result.jsp?task=b699fd88a01f431591b91dc324f51255&view=view_all_clusters_withID&show=true#{""main.cluster index_lowerinput"":""5050"",""main.cluster index_upperinput"":""5050""}",https://gnps.ucsd.edu/ProteoSAFe/result.jsp?view=network_displayer&componentindex=242&task=b699fd88a01f431591b91dc324f51255&show=true,,,,,,,,,,,,,,,,,442.3507,,FALSE,,,,,5050,0,160,,,,,"Up, < 0.1",442.3507,,,,,,,,,,,,,,,,,,,,,,,,,,,,,,,,,,,,,,,442.3507,0.5422,0.5422,FALSE,5050,,[M + H3N + H]+,0.951,152_CARA_HILIC_pos_SIRIUS_merge_5050,-0.452,3.904,C25H44O5,12,51.042,1,CCCCCCC=CCCCCCCCC(=O)OCC1CCP(=O)(O)O1,,7928666.621,,N/A
,N/A,,,,,,,,,,,,,,,,,,,,"not applicable,male,female","Caucasian,not applicable,African American,Hispanic,Other","Normal Scalp @ Final,Normal Scalp @ Baseline,not applicable,Oily Scalp @ Final,Oily Scalp @ Baseline","A,not applicable,B,None,C","human,blank_extraction","skin_swab,pool_sample,blank_extraction","1,2,3,5,4,6","Normal Scalp,not applicable,Oily Scalp","Baseline,not applicable,Final",,,,,,,,,,,0,5126,242,,,GNPS_LIBA,486.3778 (3-hydroxyheptadecenoyl)lysine,486.3778  M+H,,5,,,,,,,,,,,,,,,,,,,,,,,,,,,,,,,,,,,N/A,0,0,0,0,0,0,,,242,5,0,0,0,0,0,0,"""https://gnps.ucsd.edu/ProteoSAFe/result.jsp?task=b699fd88a01f431591b91dc324f51255&view=view_all_clusters_withID&show=true#{""""main.cluster index_lowerinput"""":""""5126"""",""""main.cluster index_upperinput"""":""""5126""""}""",https://gnps.ucsd.edu/ProteoSAFe/result.jsp?view=network_displayer&componentindex=242&task=b699fd88a01f431591b91dc324f51255&show=true,,,,,,,,,,,,,,,,,,,,,,,,,,,,,,,,,,,,,,,,,,,,,,,,,,,,,,,,,,,,,,M+H,,0,,(3-hydroxyheptadecenoyl)lysine,Lysate,,,,,,aaksenov,0,spectra_filtered/specs_ms.mgf5126,,,,,qTof,LC-ESI,Positive,413.337,3,lib-00015.mgf,Bronze,73.0408,,,,,,0,0,0.656927,176710,,,,,,,,,,,,1,GNPS-LIBRARY,Dorrestein,413.337,,0,5,,1,486.378,spectra_filtered/specs_ms.mgf,CCMSLIB00004679237,,,,12078,UPDATE-SINGLE-ANNOTATED-BRONZE,,,,,162,486.3778,1,486.3778,0.5322,0.5322,0,,,4724937.921,4724937.921,162,80310.44047,10839.84445,10017.28696,50284.85787,7567.106351,9728.246784,1231.13769,133182.0048,45938.43661,37729.1679,930.7124192,37498.15662,1097.897643,31478.59788,8882.049407,868.3440621,29131.81263,1190.825359,1234.937485,1106.829759,1232.112456,863.6339363,39383.90641,39655.80246,67104.84667,12206.75826,894.6697046,47074.54521,25053.91886,,"https://gnps.ucsd.edu/ProteoSAFe/result.jsp?task=b699fd88a01f431591b91dc324f51255&view=view_all_clusters_withID&show=true#{""main.cluster index_lowerinput"":""5126"",""main.cluster index_upperinput"":""5126""}",https://gnps.ucsd.edu/ProteoSAFe/result.jsp?view=network_displayer&componentindex=242&task=b699fd88a01f431591b91dc324f51255&show=true,,,,,,,,,,,,,,,,,486.3778,,FALSE,,,,,5126,0,162,,,,,,486.3778,M-H,,1,"""NCGC00380619-01_C27H37NO7_Spiro[2H-furo[2,3-e]isoindole-2,1'(2'H)-naphthalene]-7(3H)-butanoic acid, 3',4',4'a,5',6,6',7',8,8',8'a-decahydro-4,6',7'-trihydroxy-2',5',5',8'a-tetramethyl-6-oxo-, (2R,2'R,6'S,7'R,8'aS)-""",isolated,lfnothias,487.257,0.264935065,spectrapklbin/spec-00000.mgf5126,"""InChI=1S/C27H37NO7/c1-14-7-8-20-25(2,3)23(33)19(30)12-26(20,4)27(14)11-16-18(29)10-15-17(22(16)35-27)13-28(24(15)34)9-5-6-21(31)32/h10,14,19-20,23,29-30,33H,5-9,11-13H2,1-4H3,(H,31,32)/t14-,19-,20?,23-,26+,27-/m1/s1""",,Maxis II HD Q-TOF Bruker,spec-00000.mgf,LC-ESI,negative,486.25,1,lib-00003.mgf,Gold,0.127808,0.526152,262.843,1,GNPS-NIH-NATURALPRODUCTSLIBRARY_ROUND2_NEGATIVE,Jadhav/Dorrestein,486.25,,31.93,3,C[C@@H]1CCC2C(C)(C)[C@H](O)[C@H](O)C[C@]2(C)[C@@]13CC4=C(O3)C5=C(C=C4O)C(=O)N(CCCC(O)=O)C5,1,486.378,CARA_HILIC_pos_GNPS.mgf,CCMSLIB00000850454,,19558,UPDATE-SINGLE-ANNOTATED-GOLD,,486.3778,0.5322,0.5322,FALSE,5126,,,,,,,,,,,,,4724937.921,,N/A
,N/A,,,,,,,,,,,,,,,,,,,,"not applicable,male,female","Caucasian,not applicable,African American,Hispanic,Other","Normal Scalp @ Final,Normal Scalp @ Baseline,not applicable,Oily Scalp @ Final,Oily Scalp @ Baseline","A,not applicable,B,None,C","human,blank_extraction","skin_swab,pool_sample,blank_extraction","1,2,3,5,4,6","Normal Scalp,not applicable,Oily Scalp","Baseline,not applicable,Final",,,,,,,,,,,0,5489,242,,,NETWORK,388.3051,388.3051,,,,,,,,,,,,,,,,,,,,,,,,,,,,,,,,,,,,,N/A,0,0,0,0,0,0,,,242,,0,0,0,0,0,0,"""https://gnps.ucsd.edu/ProteoSAFe/result.jsp?task=b699fd88a01f431591b91dc324f51255&view=view_all_clusters_withID&show=true#{""""main.cluster index_lowerinput"""":""""5489"""",""""main.cluster index_upperinput"""":""""5489""""}""",https://gnps.ucsd.edu/ProteoSAFe/result.jsp?view=network_displayer&componentindex=242&task=b699fd88a01f431591b91dc324f51255&show=true,,,,,,,,,,,,,,,,,,,,,,,,,,,,,,,,,,,,,,,,,,,,,,,,,,,,,,,,,,,,,,,,,,,,,,,,,,,,,,,,,,,,,,,,,,,,,,,,,,,,,,,,,,,,,,,,,,,,,,,,,,,,,,,,,164,388.3051,1,388.3051,0.536,0.536,0,,,1770317.197,1770317.197,164,36665.15415,5112.953098,5819.824931,6102.283179,3215.318148,6310.080674,2644.09067,46839.96323,24674.49172,15316.72271,393.8846034,4076.317269,2113.94795,12510.30469,4371.336121,3250.897077,10913.29561,3067.974547,1493.450716,1754.775526,1827.347469,1613.900577,10648.39505,15844.34389,26174.02473,5514.663054,2590.429528,12699.29714,10507.38618,,"https://gnps.ucsd.edu/ProteoSAFe/result.jsp?task=b699fd88a01f431591b91dc324f51255&view=view_all_clusters_withID&show=true#{""main.cluster index_lowerinput"":""5489"",""main.cluster index_upperinput"":""5489""}",https://gnps.ucsd.edu/ProteoSAFe/result.jsp?view=network_displayer&componentindex=242&task=b699fd88a01f431591b91dc324f51255&show=true,,,,,,,,,,,,,,,,,388.3051,,FALSE,,,,,5489,0,164,,"Up, < 0.1",,,,388.3051,,,,,,,,,,,,,,,,,,,,,,,,,,,,,,,,,,,,,,,388.3051,0.536,0.536,FALSE,5489,,,,,,,,,,,,,1770317.197,,N/A
,N/A,,,,,,,,,,,,,,,,,,,,"not applicable,male,female","Caucasian,not applicable,African American,Hispanic,Other","Normal Scalp @ Final,Normal Scalp @ Baseline,not applicable,Oily Scalp @ Final,Oily Scalp @ Baseline","A,not applicable,B,None,C","human,blank_extraction","skin_swab,pool_sample,blank_extraction","1,2,3,5,4,6","Normal Scalp,not applicable,Oily Scalp","Baseline,not applicable,Final",,[M + H3N + H]+,Organic compounds; Lipids and lipid-like molecules; Alcohols and polyols; Glycerolipids; Ethers; Primary alcohols; Organooxygen compounds; Dialkyl ethers; Secondary alcohols; Diradylglycerols; Hydrocarbon derivatives; Organic oxygen compounds; Chemical entities,Glycerolipids,,C26H48O5,Diradylglycerols,3084_CARA_HILIC_pos_SIRIUS_merge_5203,Diradylglycerols,Lipids and lipid-like molecules,0,5203,242,,,SIRIUS_CSI,458.3806 C26H48O5,458.3806 Diradylglycerols [M + H3N + H]+,,,3,3,[M + H3N + H]+,,-95.011,16777218,3084_CARA_HILIC_pos_SIRIUS_merge_5203,"""InChI=1S/C26H48O5/c1-3-5-7-9-11-12-13-14-15-17-19-21-26(29)31-24(22-27)23-30-25(28)20-18-16-10-8-6-4-2/h15,17,24,27H,3-14,16,18-23H2,1-2H3""",DHWQMEYLACJCQJ,DHWQMEYLACJCQJ,458.383,PubChem:(44462360);PubChem class - bio and metabolites,,,,,,C26H48O5,,,,,,,,,,44462360,33.499,33.066,CCCCCCCCCC=CCCC(=O)OC(CO)COC(=O)CCCCCCCC,8.4,1,,N/A,0,0,0,0,0,0,,,242,,0,0,0,0,0,0,"""https://gnps.ucsd.edu/ProteoSAFe/result.jsp?task=b699fd88a01f431591b91dc324f51255&view=view_all_clusters_withID&show=true#{""""main.cluster index_lowerinput"""":""""5203"""",""""main.cluster index_upperinput"""":""""5203""""}""",https://gnps.ucsd.edu/ProteoSAFe/result.jsp?view=network_displayer&componentindex=242&task=b699fd88a01f431591b91dc324f51255&show=true,,,,,,,,,,,,,,,,,,,,,,,,,,,,,,,,,,,,,,,,,,,,,,,,,,,,,,,,,,,,,,,,,,,,,,,,,,,,,,,,,,,,,,,,,,,,,,,,,,,,,,,,,,,,,,,,,,,,,,,,,,,,,,,,,161,458.3806,1,458.3806,0.5677,0.5677,0,,,1122842.984,1122842.984,161,15337.70653,5593.452569,5308.399751,5553.851511,2183.000097,6125.124704,3490.724261,23454.17827,10802.49463,7533.730744,510.6977821,5584.670384,3468.203444,8334.300318,6335.514312,3520.214808,6912.214801,2078.166857,7554.504378,3269.010767,4404.129506,1065.544978,5496.863316,9286.650814,10052.67808,8520.623548,1728.871935,6494.096423,7007.241705,,"https://gnps.ucsd.edu/ProteoSAFe/result.jsp?task=b699fd88a01f431591b91dc324f51255&view=view_all_clusters_withID&show=true#{""main.cluster index_lowerinput"":""5203"",""main.cluster index_upperinput"":""5203""}",https://gnps.ucsd.edu/ProteoSAFe/result.jsp?view=network_displayer&componentindex=242&task=b699fd88a01f431591b91dc324f51255&show=true,,,,,,,,,,,,,,,,,458.3806,,FALSE,,,,,5203,0,161,,,,,,458.3806,,,,,,,,,,,,,,,,,,,,,,,,,,,,,,,,,,,,,,,458.3806,0.5677,0.5677,FALSE,5203,,[M + H3N + H]+,0.851,3084_CARA_HILIC_pos_SIRIUS_merge_5203,-2.618,3.834,C26H48O5,14,32.479,1,CCCCCCCCCC=CCCC(=O)OC(CO)COC(=O)CCCCCCCC,,1122842.984,,N/A
,N/A,,,,,,,,,,,,,,,,,,,,"not applicable,male,female","Caucasian,not applicable,African American,Hispanic,Other","Normal Scalp @ Final,Normal Scalp @ Baseline,not applicable,Oily Scalp @ Final,Oily Scalp @ Baseline","A,not applicable,B,None,C","human,blank_extraction","skin_swab,pool_sample,blank_extraction","1,2,3,5,4,6","Normal Scalp,not applicable,Oily Scalp","Baseline,not applicable,Final",,[M + H3N + H]+,Organic compounds; Organoheterocyclic compounds; Lipids and lipid-like molecules; Organic acids and derivatives; Carboxylic acids and derivatives; Organonitrogen compounds; Organooxygen compounds; Fatty acid esters; Dicarboxylic acids and derivatives; Carboxylic acid amides; Carboxylic acid derivatives; Carboxylic acid esters; Carbonyl compounds; Fatty Acyls; Organic oxides; Azacyclic compounds; Hydrocarbon derivatives; Organopnictogen compounds; Organic oxygen compounds; Organic nitrogen compounds; Chemical entities,Fatty Acyls,,C15H27NO5,Fatty acid esters,5516_CARA_HILIC_pos_SIRIUS_merge_10101,Fatty acid esters,Lipids and lipid-like molecules,0,10101,242,,,GNPS_LIBA,319.2221 C15H30N2O5 Leu Thr Ile,319.2221  M+H,,,2,2,[M + H]+,,-231.941,119537734,5516_CARA_HILIC_pos_SIRIUS_merge_10101,"""InChI=1S/C15H30N2O5/c1-21-11-12-22-10-6-2-3-8-14(18)17-9-5-4-7-13(16)15(19)20/h13H,2-12,16H2,1H3,(H,17,18)(H,19,20)""",NPOCDVAOUKODSQ,NPOCDVAOUKODSQ,319.222,COCONUT:(CNP0138084);PubChem:(86278362 139596280);PubChem class - bio and metabolites;MeSH:(86278362);PubChem class - safety and toxic;PubMed;PubChem class - drug,,,,,,C15H30N2O5,,,,,,,,,,86278362;139596280,130.493,15.559,COCCOCCCCCC(=O)NCCCCC(C(=O)O)N,-2.3,1,,N/A,0,0,0,0,0,0,,,242,,0,0,0,0,0,0,"""https://gnps.ucsd.edu/ProteoSAFe/result.jsp?task=b699fd88a01f431591b91dc324f51255&view=view_all_clusters_withID&show=true#{""""main.cluster index_lowerinput"""":""""10101"""",""""main.cluster index_upperinput"""":""""10101""""}""",https://gnps.ucsd.edu/ProteoSAFe/result.jsp?view=network_displayer&componentindex=242&task=b699fd88a01f431591b91dc324f51255&show=true,,,,,,,,,,,,,,,,,,,,,,,,,,,,,,,,,,,,,,,,,,,,,,,,,,,,,,,,,,,,,,M+H,,0,,Leu Thr Ile,Isolated,,,,,,,0,spectra_filtered/specs_ms.mgf10101,,,,,LC-ESI-QTOF,LC-ESI,Positive-10eV,346.234,3,lib-00000.mgf,Bronze,27.0116,,,,,,0,0,0.703747,78015.4,,,,,,,,,,,,1,METLIN,Metlin,346.234,,0,5,,1,319.222,spectra_filtered/specs_ms.mgf,CCMSLIB00000514063,,,,1019,UPDATE-SINGLE-ANNOTATED-BRONZE,,,,,168,319.2221,1,319.2221,2.0863,2.0863,0,,,70110.92817,70110.92817,168,768.2246876,327.4764894,365.1464485,487.7675862,235.4760232,319.8704852,292.5120921,1142.528397,645.2426708,470.5434784,105.6779008,415.4925025,290.6631945,478.7220372,408.7990118,282.2464028,428.8695109,312.2667222,292.7586546,265.6891022,257.6722558,281.2512156,321.676891,551.7817681,641.8788527,461.6846834,283.8515597,364.876689,443.413334,,"https://gnps.ucsd.edu/ProteoSAFe/result.jsp?task=b699fd88a01f431591b91dc324f51255&view=view_all_clusters_withID&show=true#{""main.cluster index_lowerinput"":""10101"",""main.cluster index_upperinput"":""10101""}",https://gnps.ucsd.edu/ProteoSAFe/result.jsp?view=network_displayer&componentindex=242&task=b699fd88a01f431591b91dc324f51255&show=true,,,,,,,,,,,,,,,,,319.2221,,FALSE,,,,,10101,0,168,,"Up, < 0.1",,,,319.2221,M+H,5156229,1,Leu-Trp,Isolated,NIST,0,0.177923021,spectrapklbin/spec-00000.mgf10101,,,Q-TOF,spec-00000.mgf,ESI,Positive,318.181,3,lib-00003.mgf,Bronze,1.04111,0.735435,3272.06,1,NIST14,NIST,318.181,,125.178,3,,1,319.222,CARA_HILIC_pos_GNPS.mgf,CCMSLIB00000367144,,1019,UPDATE-SINGLE-ANNOTATED-BRONZE,,319.2221,2.0863,2.0863,FALSE,10101,,[M + H]+,0.917,5516_CARA_HILIC_pos_SIRIUS_merge_10101,-3.285,6.484,C15H30N2O5,7,15.559,1,COCCOCCCCCC(=O)NCCCCC(C(=O)O)N,,70110.92817,,N/A
